Quote,Detail,Episode Name
" Joseph Conrad said, ""The belief in a supernatural source of evil is not necessary. Men alone are quite capable of every wickedness.""
","Season 1, Episode 1",Extreme Aggressor
" Emerson said, ""All is riddle, and the key to a riddle is another riddle.""
","Season 1, Episode 1",Extreme Aggressor
" Winston Churchill said, ""The farther backward you can look, the farther forward you will see.""
","Season 14, Episode 1",Extreme Aggressor
" Nietzsche once said, ""When you look long into an abyss, the abyss looks into you.""
","Season 1, Episode 1",Extreme Aggressor
" Einstein once said, ""Imagination is more important than knowledge. Knowledge is limited. Imagination encircles the world.""
","Season 1, Episode 2",Compulsion
" Faulkner once said, ""Don't bother just to be better than your contemporaries or predecessors. Try to be better than yourself.""
","Season 1, Episode 2",Compulsion
" Samuel Johnson wrote, ""Almost all absurdity of conduct arises from the imitation of those whom we cannot resemble.""
","Season 1, Episode 3",Won't Get Fooled Again
" French poet Jacques Rigaut said, ""Don't forget that I cannot see myself, that my role is limited to being the one who looks in the mirror.""
","Season 1, Episode 4",Plain Sight
" Rose Kennedy once said, ""Birds sing after a storm. Why shouldn't people feel as free to delight in whatever sunlight remains to them?""
","Season 1, Episode 4",Plain Sight
" Euripedes said, ""When a good man is hurt, all who would be called good must suffer with him.""
","Season 1, Episode 5",Broken Mirror
" Euripedes said, ""When love is in excess, it brings a man no honor nor worthiness.""
","Season 1, Episode 5",Broken Mirror
" Nietzsche wrote, ""The irrationality of a thing is not an argument against its existence, rather, a condition of it.""
","Season 1, Episode 6",L.D.S.K.
" Shakespeare wrote, ""Nothing is so common as the wish to be remarkable.""
","Season 1, Episode 6",L.D.S.K.
" Doctor Thomas Fuller wrote, ""With foxes, we must play the fox.""
","Season 1, Episode 7",The Fox
" Hemingway wrote, ""There is no hunting like the hunting of man, and those who have hunted armed men long enough and liked it, never really care for anything else.""
","Season 1, Episode 8",Natural Born Killer
" Carl Jung said, ""The healthy man does not torture others. Generally, it is the tortured who turn into torturers.""
","Season 1, Episode 8",Natural Born Killer
" Robert Oxton Bolt wrote, ""A belief is not merely an idea the mind possesses; it is an idea that possesses the mind.""
","Season 1, Episode 9",Derailed
" Albert Einstein asked, ""The question that sometimes drives me hazy: am I or the others crazy?""
","Season 1, Episode 9",Derailed
" Sir Peter Ustinov said, ""Unfortunately, a super abundance of dreams is paid for by a growing potential for nightmares.""
","Season 1, Episode 10",The Popular Kids
" Playwright Eugene Ionesco said, ""Ideologies separate us. Dreams and anguish bring us together.""
","Season 1, Episode 10",The Popular Kids
" Harriet Beecher Stowe once said, ""The bitterest tears shed over graves are for words left unsaid and deeds left undone.""
","Season 1, Episode 11",Blood Hungry
" The poet W.H. Auden wrote, ""Evil is always unspectacular and always human, and shares our bed, and eats at our table.""
","Season 1, Episode 12",What Fresh Hell?
" ""Measure not the work until the day's out and the labor done."" - Elizabeth Barrett Browning
","Season 1, Episode 12",What Fresh Hell?
" Roman philosopher Lucretius said, ""What is food to one, is to others bitter poison.""
","Season 1, Episode 13",Poison
" Confucius warned us, ""Before you embark on a journey of revenge, dig two graves.""
","Season 1, Episode 13",Poison
" ""Whoso sheddeth man's blood, by man shall his blood be shed."" - Genesis 9:6
","Season 1, Episode 14",Riding the Lightning
" Albert Pine said, ""What we do for ourselves dies with us. What we do for others and the world remains and is immortal.""
","Season 1, Episode 14",Riding the Lightning
" Norman Maclean wrote, ""It is those we live with and love and should know who elude us.""
","Season 1, Episode 15",Unfinished Business
" Abraham Lincoln once said, ""In the end, it's not the years in your life that count. It's the life in your years.""
","Season 1, Episode 15",Unfinished Business
" Nietzsche wrote, ""The individual has always had to struggle to keep from being overwhelmed by the tribe.""
","Season 1, Episode 16",The Tribe
" There's an old Apache saying: ""You can take many paths to get to the same place.""
","Season 1, Episode 16",The Tribe
" W.H. Auden said, ""Murder is unique in that it abolishes the party it injures, so that society must take the place of the victim and on his behalf demand atonement or grant forgiveness.""
","Season 1, Episode 17",A Real Rain
" Gandhi said, ""It is better to be violent, if there is violence in our hearts, than to put on the cloak of nonviolence to cover impotence.""
","Season 1, Episode 17",A Real Rain
" Gandhi also said, ""I object to violence because when it appears to do good, the good is only temporary; the evil it does is permanent.""
","Season 1, Episode 17",A Real Rain
" Diane Arbus once said, ""A photograph is a secret about a secret. The more it tells you, the less you know.""
","Season 1, Episode 18",Somebody's Watching
" Bernard Shaw once said, ""An American has no sense of privacy. He does not know what it means. There is no such thing in the country.""
","Season 1, Episode 18",Somebody's Watching
" Anthony Brandt wrote, ""Other things may change us, but we start and end with family.""
","Season 1, Episode 19",Machismo
" Mexican proverb: ""The house does not rest upon the ground, but upon a woman.""
","Season 1, Episode 19",Machismo
" The French philosopher Voltaire wrote, ""There are some that only employ words for the purpose of disguising their thoughts.""
","Season 1, Episode 20",Charm and Harm
" The author François de la Rochefoucauld wrote, ""We are so accustomed to disguise ourselves to others that in the end we become disguised to ourselves.""
","Season 1, Episode 20",Charm and Harm
" Albert Einstein said, ""Whoever undertakes to set himself up as judge in the field of truth and knowledge is shipwrecked by the laughter of the gods.""
","Season 1, Episode 21",Secrets and Lies
" George Orwell said, ""In a time of universal deceit, telling the truth is a revolutionary act.""
","Season 1, Episode 21",Secrets and Lies
" Writer Elbert Hubbard said, ""No man needs a vacation so much as the man who has just had one.""
","Season 1, Episode 22","The Fisher King, Part 1"
" ""The defects and faults of the mind are like wounds in the body; after all imaginable care has been taken to heal them up, still there will be a scar left behind."" - French writer François La Rochefoucauld
","Season 2, Episode 1","The Fisher King, Part 2"
" ""It has been said time heals all wounds. I do not agree. The wounds remain. In time, the mind, protecting its sanity, covers them with scar tissue and the pain lessens, but it is never gone."" - Rose Kennedy
","Season 2, Episode 1","The Fisher King, Part 2"
" Theologian Dietrich Bonhoeffer said, ""The test of the morality of a society is what it does for its children.""
","Season 2, Episode 2",P911
" Mark Twain wrote, ""Of all the animals, man is the only one that is cruel. He is the only one that inflicts pain for the pleasure of doing it.""
","Season 2, Episode 3",The Perfect Storm
" Philosopher Khalil Gibran wrote, ""Out of suffering have emerged the strongest souls; the most massive characters are seared with scars.""
","Season 2, Episode 3",The Perfect Storm
" ""Man is least himself when he talks in his own person. Give him a mask and he will tell you the truth."" – Oscar Wilde
","Season 2, Episode 4",Psychodrama
" ""The basis of shame is not some personal mistake of ours, but that this humiliation is seen by everyone."" – Milan Kundera
","Season 2, Episode 4",Psychodrama
" Helen Keller once said, ""Although the world is full of suffering, it is also full of overcoming it.""
","Season 2, Episode 5",Aftermath
" Plato wrote, ""We can easily forgive a child who's afraid of the dark; the real tragedy of life is when men are afraid of the light.""
","Season 2, Episode 6",The Boogeyman
" Legendary basketball coach John Wooden said, ""It's not so important who starts the game, but who finishes it.""
","Season 2, Episode 7",North Mammon
" ""The ultimate choice for a man, in as much as he is given to transcend himself, is to create or destroy, to love or to hate."" – Erich Fromm
","Season 2, Episode 7",North Mammon
" Robespierre wrote, ""Crime butchers innocence to secure a prize, and innocence struggles with all its might against the attempts of crime.""
","Season 2, Episode 8",Empty Planet
" Elbert Hubbard once wrote, ""If men could only know each other, they would neither idolize nor hate.""
","Season 2, Episode 9",The Last Word
" Mahatma Gandhi once said, ""Remember that all through history there have been tyrants and murderers, and for a time they seemed invincible. But in the end they always fall. Always.""
","Season 2, Episode 9",The Last Word
" Dale Turner mused, ""Some of the best lessons are learned from past mistakes. The error of the past is the wisdom of the future.""
","Season 2, Episode 10",Lessons Learned
" Ralph Waldo Emerson said, ""In order to learn the important lessons in life, one must each day surmount a fear.""
","Season 2, Episode 10",Lessons Learned
" T.S. Eliot wrote, ""Between the idea and the reality, between the motion and the act, falls the shadow.""
","Season 2, Episode 11","Sex, Birth, Death"
" T.S. Eliot wrote, ""Between the desire and the spasm, between the potency and the existence, between the essence and the descent, falls the shadow. This is the way the world ends.""
","Season 2, Episode 11","Sex, Birth, Death"
" ""All secrets are deep, all secrets become dark. That's in the nature of secrets."" – Writer Cory Doctorow
","Season 2, Episode 12","Profiler, Profiled"
" Aristotle said, ""Evil brings men together.""
","Season 2, Episode 13",No Way Out
 Condemned murderer ,"Season 2, Episode 14",The Big Game
" said of his victims, the Clutter family, ""I didn't have anything against them, and they never did anything wrong to me, the way other people have all my life. Maybe they're just the ones who have to pay for it.""
","Season 2, Episode 14",The Big Game
" ""There is not a righteous man on earth who does what is right and never sins."" – Ecclesiastes 7:20
","Season 2, Episode 15",Revelations
" ""From the deepest desires often come the deadliest hate."" – Socrates
","Season 2, Episode 16",Fear and Loathing
" ""The life of the dead is placed in the memory of the living."" – Cicero
","Season 2, Episode 16",Fear and Loathing
" ""Our life is made by the death of others."" – Leonardo da Vinci
","Season 2, Episode 17",Distress
" ""If there must be trouble, let it be in my day, that my child may have peace."" – Thomas Paine
","Season 2, Episode 17",Distress
" Robert Kennedy once said, ""Tragedy is a tool for the living to gain wisdom. Not a guide by which to live.""
","Season 2, Episode 18",Jones
" ""The torture of a bad conscience is the hell of a living soul."" – John Calvin
","Season 2, Episode 19",Ashes and Dust
" Gandhi said, ""Live as if you were to die tomorrow. Learn as if you were to live forever.""
","Season 2, Episode 19",Ashes and Dust
" An old Russian proverb reminds us, ""There can be no good without evil.""
","Season 2, Episode 20",Honor Among Thieves
" ""Happy families are all alike; every unhappy family is unhappy in its own way."" – Leo Tolstoy
","Season 2, Episode 20",Honor Among Thieves
" ""One man's wilderness is another man's theme park."" – Author unknown
","Season 2, Episode 21",Open Season
" British historian James Anthony Froude once said, ""Wild animals never kill for sport. Man is the only one to whom the torture and death of his fellow creatures is amusing in itself.""
","Season 2, Episode 21",Open Season
" ""Of all the preposterous assumptions of humanity, nothing exceeds the criticisms made of the habits of the poor by the well-housed, well-warmed, and well-fed."" – Herman Melville
","Season 2, Episode 22",Legacy
" ""Nothing is permanent in this wicked world, not even our troubles."" – Charles Chaplin
","Season 2, Episode 22",Legacy
" ""I choose my friends for their good looks, my acquaintances for their good characters, my enemies for their good intellects."" – Oscar Wilde
","Season 2, Episode 23",No Way Out II: The Evilution of Frank
" George Washington said, ""Let your heart feel for the affliction and distress of everyone.""
","Season 3, Episode 2",In Name and Blood
" The Taoist philosopher Lao Tzu once wrote, ""He who controls others may be powerful, but he who has mastered himself is mightier still.""
","Season 3, Episode 3",Scared to Death
" Eleanor Roosevelt once said, ""You gain strength, courage and confidence by every experience in which you really stop to look fear in the face. You must do the thing which you think you cannot do.""
","Season 3, Episode 3",Scared to Death
" ""In the city, crime is taken as emblematic of class and race. In the suburbs, though, it's intimate and psychological, resistant to generalization, a mystery of the individual soul."" – Barbara Ehrenreich
","Season 3, Episode 4",Children of the Dark
" Dostoevsky once said, ""Nothing is easier than denouncing the evildoer. Nothing more difficult than understanding him.""
","Season 3, Episode 5",Seven Seconds
" G.K. Chesterton wrote, ""Fairy tales do not tell children that dragons exist. Children already know that dragons exist. Fairy tales tell children that dragons can be killed.""
","Season 3, Episode 5",Seven Seconds
" Erasmus wrote, ""What else is the whole life of mortals but a sort of comedy, in which the various actors, disguised by various costumes and masks, walk on and plays each one his part, until the manager waves them off the stage?""
","Season 3, Episode 6",About Face
" ""An earthly kingdom cannot exist without inequality of persons. Some must be free, some serfs, some rulers, some subjects."" – Martin Luther
","Season 3, Episode 7",Identity
" ""Fantasy, abandoned by reason, produces impossible monsters."" – Francisco Goya
","Season 3, Episode 8",Lucky
" 16th century English novelist Thomas Deloney wrote, ""God sends meat and the Devil sends cooks.""
","Season 3, Episode 8",Lucky
" William Shakespeare wrote, ""Love all, trust a few, do wrong to none.""
","Season 3, Episode 9",Penelope
" ""Superman is, after all, an alien life form. He is simply the acceptable face of invading realities."" – Author Clive Barker
","Season 3, Episode 10",True Night
" ""The noir hero is a knight in blood-caked armor. He's dirty and he does his best to deny the fact that he's a hero the whole time."" – Frank Miller
","Season 3, Episode 10",True Night
" The American poet Anne Sexton once wrote, ""It doesn't matter who my father was; it matters who I remember he was.""
","Season 3, Episode 11",Birthright
" Wordsworth wrote, ""A simple child, that lightly draws its breath, and feels its life in every limb, what should it know of death?""
","Season 3, Episode 11",Birthright
" ""No man or woman who tries to pursue an ideal in his or her own way is without enemies."" – Daisy Bates.
","Season 3, Episode 12",3rd Life
" ""It is a wise father who knows his own child."" – William Shakespeare
","Season 3, Episode 12",3rd Life
" ""I know indeed what evil I intend to do, but stronger than all my afterthoughts is my fury, fury that brings upon mortals the greatest evils."" – Euripides
","Season 3, Episode 13",Limelight
" ""For we pay a price for everything we get or take in this world, and, although ambitions are well worth having, they are not to be cheaply won."" – Lucille Maud Montgomery
","Season 3, Episode 13",Limelight
" ""Within the core of each of us is the child we once were. This child constitutes the foundation of what we have become, who we are, and what we will be."" – Neuroscientist Dr. R. Joseph
","Season 3, Episode 14",Damaged
" ""There is no formula for success, except perhaps an unconditional acceptance of life and what it brings."" – Arthur Rubinstein
","Season 3, Episode 14",Damaged
" ""There is no refuge from confession but suicide, and suicide is confession."" – Daniel Webster
","Season 3, Episode 15",A Higher Power
" ""The most authentic thing about us is our capacity to create, to overcome, to endure, to transform, to love, and to be greater than our suffering."" – Ben Okri
","Season 3, Episode 15",A Higher Power
" ""A sad soul can kill you quicker – far quicker – than a germ."" – John Steinbeck
","Season 3, Episode 16",Elephant's Memory
" ""We cross our bridges when we come to them, and burn them behind us with nothing to show for our progress except a memory of the smell of smoke and a presumption that once our eyes watered."" – Tom Stoppard
","Season 3, Episode 16",Elephant's Memory
" ""There are no secrets better kept than the secrets that everybody guesses."" – George Bernard Shaw
","Season 3, Episode 17",In Heat
" ""If we knew each other's secrets, what comforts we should find."" – John Churton Collins
","Season 3, Episode 17",In Heat
" Author Christian Nestell Bovee once wrote, ""No man is happy without a delusion of some kind. Delusions are as necessary to our happiness as realities.""
","Season 3, Episode 18",The Crossing
" Susan B. Anthony said, ""A woman must not depend on the protection of man, but must be taught to protect herself.""
","Season 3, Episode 18",The Crossing
" ""All changes, even the most longed for, have their melancholy; for what we leave behind us is a part of ourselves; we must die to one life before we can enter another."" – Anatole France
","Season 3, Episode 19",Tabula Rasa
" ""What though the radiance that was once so bright, be now forever taken from my sight. Though nothing can bring back the hour of splendor in the grass, of glory in the flower; We will grieve not, rather find strength in what remains behind."" – William Wordsworth
","Season 3, Episode 19",Tabula Rasa
" Voltaire said, ""The man visited by ecstasies and visions, who takes dreams for realities, is an enthusiast. The man who supports his madness with murder is a fanatic.""
","Season 3, Episode 20",Lo-Fi
" ""Never think that war, no matter how necessary, nor how justified, is not a crime."" – Ernest Hemingway
","Season 4, Episode 1",Mayhem
" ""We all die. The goal isn't to live forever. The goal is to create something that will."" – Chuck Palahniuk
","Season 4, Episode 2",The Angel Maker
" Wendell Berry said, ""The past is our definition. We may strive with good reason to escape it, or to escape what is bad in it. But we will escape it only by adding something better to it.""
","Season 4, Episode 2",The Angel Maker
" ""To follow by faith alone is to follow blindly."" – Benjamin Franklin
","Season 4, Episode 3",Minimal Loss
" ""Reason is not automatic. Those who deny it cannot be conquered by it."" – Ayn Rand
","Season 4, Episode 3",Minimal Loss
" Thomas Fuller wrote, ""A fool's paradise is a wise man's hell.""
","Season 4, Episode 4",Paradise
" Roman poet Phaedrus wrote, ""Things are not always what they seem. The first appearance deceives many. The intelligence of a few perceives what has been carefully hidden.""
","Season 4, Episode 4",Paradise
" ""Plenty sits still; hunger is a wanderer."" – Zulu proverb
","Season 4, Episode 5",Catching Out
" ""Beyond the East the sunrise, beyond the West the sea, and the East and West, the wander thirst that will not let me be."" – Gerald Gould
","Season 4, Episode 5",Catching Out
" Amos Bronson Alcott said, ""Who speaks to the instincts speaks to the deepest in mankind, and finds the readiest response.""
","Season 4, Episode 6",The Instincts
" Bob Dylan once said, ""I think the truly natural things are dreams, which nature can't touch with decay.""
","Season 4, Episode 6",The Instincts
" ""What was silent in the father speaks in the son, and often I've found in the son the unveiled secret of the father."" – Friedrich Nietzsche
","Season 4, Episode 7",Memoriam
" ""There is no refuge from memory and remorse in this world. The spirits of our foolish deeds haunt us, with or without repentance."" – Gilbert Parker
","Season 4, Episode 7",Memoriam
" ""Let us consider that we are all insane. It will explain us to each other. It will unriddle many riddles."" – Mark Twain
","Season 4, Episode 8",Masterpiece
" ""Man must evolve for all human conflict a method which rejects revenge, aggression, and retaliation. The foundation of such a method is love."" – Martin Luther King, Jr.
","Season 4, Episode 8",Masterpiece
" Author Harlan Ellison wrote, ""The minute people fall in love, they become liars.""
","Season 4, Episode 9",52 Pickup
" P.J. O'Rourke said, ""Cleanliness becomes more important when Godliness is unlikely.""
","Season 4, Episode 9",52 Pickup
" ""We are all brothers under the skin and I, for one, would be willing to skin humanity to prove it."" – Ayn Rand
","Season 4, Episode 10",Brothers in Arms
" ""For he today who sheds his blood with me shall be my brother."" – William Shakespeare
","Season 4, Episode 10",Brothers in Arms
" ""Every normal man must be tempted at times to spit on his hands, hoist the black flag and begin to slit throats."" – H.L. Mencken
","Season 4, Episode 11",Normal
" ""There's no tragedy in life like the death of a child. Things never get back to the way they were."" – President Dwight Eisenhower
","Season 4, Episode 11",Normal
" ""No mortal can keep a secret. If his lips are silent, he chatters with his fingertips. Betrayal oozes out of him at every pore."" – Sigmund Freud
","Season 4, Episode 12",Soul Mates
" British historian C. Northcote Parkinson said, ""Delay is the deadliest form of denial.""
","Season 4, Episode 12",Soul Mates
" Winston Churchill said, ""There is no doubt that it is around the family and the home that all the greatest virtues of human society are created, strengthened and maintained.""
","Season 4, Episode 13",Bloodline
" Mario Puzo wrote, ""The strength of a family, like the strength of an army, is in its loyalty to each other.""
","Season 4, Episode 13",Bloodline
" ""...and so all the night tide, I lie down by the side, of my darling, my darling, my life and my bride. In the sepulcher there by the sea, in her tomb by the sounding sea."" – Edgar Allan Poe
","Season 4, Episode 14",Cold Comfort
" ""For those who believe, no proof is necessary. For those who don't believe, no proof is possible."" – Stuart Chase
","Season 4, Episode 14",Cold Comfort
" ""I never teach my pupils; I only attempt to provide the conditions in which they can learn."" – Albert Einstein
","Season 4, Episode 15",Zoe's Reprise
" Austrian novelist Marie Von Ebner-Eschenbach wrote, ""In youth we learn; in age we understand.""
","Season 4, Episode 15",Zoe's Reprise
" ""The prostitute is not, as feminists claim, the victim of men, but rather their conqueror, an outlaw, who controls the sexual channels between nature and culture."" – Camille Paglia
","Season 4, Episode 16",Pleasure Is My Business
" ""You don't pay a prostitute for sex, you pay her to leave afterwards."" – Dashiell Hammett","Season 4, Episode 16",Pleasure Is My Business
"
","Season 4, Episode 16",Pleasure Is My Business
" Leonardo da Vinci said, ""He who does not punish evil, commands it to be done.""
","Season 4, Episode 17",Demonology
" ""There is no heresy or philosophy so abhorrent to the church as a human being."" – James Joyce
","Season 4, Episode 17",Demonology
" ""Fate is not satisfied with inflicting one calamity."" – Roman author Publilius Syrus
","Season 4, Episode 18",Omnivore
" ""Men heap together the mistakes of their lives and create a monster they call destiny."" – John Hobbes
","Season 4, Episode 18",Omnivore
" Tennessee Williams said, ""We all live in a house on fire. No fire department to call, no way out.""
","Season 4, Episode 19",House on Fire
" ""I have loved to the point of madness; that which is called madness, that which to me, is the only sensible way to love."" – Françoise Sagan
","Season 4, Episode 19",House on Fire
" ""Light thinks it travels faster than anything, but it is wrong. No matter how fast light travels, it finds the darkness has always gotten there first, and is waiting for it."" - Terry Pratchett
","Season 4, Episode 20",Conflicted
" Stephen King wrote, ""Monsters are real, and ghosts are real, too. They live inside us. And sometimes, they win.""
","Season 4, Episode 20",Conflicted
" Doctor Berton Grebin once said, ""To lose a child is to lose a piece of yourself.""
","Season 4, Episode 21",A Shade of Gray
" André Maurois wrote, ""Without a family, man, alone in the world, trembles with the cold.""
","Season 4, Episode 21",A Shade of Gray
" ""In order for the light to shine so brightly, the darkness must be present."" - Francis Bacon
","Season 4, Episode 22",The Big Wheel
" ""No matter how dark the moment, love and hope are always possible."" - George Chakiris
","Season 4, Episode 22",The Big Wheel
" ""I'm not sure about automobiles. With all their speed forward, they may be a step backward in civilization."" - Booth Tarkington
","Season 4, Episode 23",Roadkill
" ""The human voice can never reach the distance that is covered by the still, small voice of conscience."" - Mahatma Gandhi
","Season 4, Episode 23",Roadkill
" ""It will become fine dust over all the land of Egypt, and will become boils breaking out with sores on man and beast through all the land of Egypt."" - Exodus 9:9
","Season 4, Episode 24",Amplification
" ""Security is mostly a superstition. It does not exist in nature, nor do the children of men as a whole experience it."" - Helen Keller
","Season 4, Episode 24",Amplification
" Flannery O'Connor said, ""If there were no Hell, we would be like the animals. No Hell, no dignity.""
","Season 4, Episode 25","To Hell and Back, Part 1"
" Karl Kraus said, ""A weak man has doubts before a decision; a strong man has them afterwards.""
","Season 5, Episode 1","Nameless, Faceless"
" Emily Dickinson wrote, ""One need not be a chamber to be haunted. One need not be a house. The brain has corridors surpassing material places.""
","Season 5, Episode 2",Haunted
" ""There is no witness so dreadful, no accuser so terrible, as the conscience that dwells in the heart of every man."" - Polybius
","Season 5, Episode 2",Haunted
" ""Justice without force is powerless. Force without justice is tyrannical."" - Blaise Pascal
","Season 5, Episode 3",Reckoner
" ""I have always found that mercy bears richer fruit than strict justice."" - Abraham Lincoln
","Season 5, Episode 3",Reckoner
" Kingman Brewster, Jr. said, ""There is no lasting hope in violence, only temporary relief from hopelessness.""
","Season 5, Episode 4",Hopeless
" William Shakespeare wrote, ""These violent delights have violent ends.""
","Season 5, Episode 4",Hopeless
" Journalist William D. Tammeus wrote, ""You don't really understand human nature unless you know why a child on a merry-go-round will wave at his parents every time around and why his parents will always wave back.""
","Season 5, Episode 5",Cradle to Grave
" ""And if thy right eye offend thee, pluck it out and cast it from thee."" - Matthew 5:29
","Season 5, Episode 6",The Eyes Have It
" ""Dwell in peace in the home of your own being and the messenger of death will not be able to touch you."" - Guru Nanak
","Season 5, Episode 6",The Eyes Have It
" ""In all the darkest pages of the malign supernatural, there is no more terrible tradition than that of the vampire - a pariah even among demons."" - Writer Montague Summers
","Season 5, Episode 7",The Performer
" Writer Cyril Connolly said, ""Better to write for yourself and have no public than to write for the public and have no self.""
","Season 5, Episode 7",The Performer
" ""Man usually avoids attributing cleverness to somebody else, unless it's an enemy."" - Albert Einstein
","Season 5, Episode 8",Outfoxed
" ""He who fights with monsters might take care, lest he thereby become a monster. And if you gaze for long into an abyss, the abyss gazes also into you."" – Friedrich Nietzsche
","Season 5, Episode 9",100
" Poet Haniel Long said, ""So much of what is best in us is bound up in our love of family that it remains the measure of our stability because it measures our sense of loyalty.""
","Season 5, Episode 9",100
" W.S. Gilbert wrote, ""It's love that makes the world go 'round.""
","Season 5, Episode 10",The Slave of Duty
" ""Where we love is home, home that our feet may leave, but not our hearts."" – Oliver Wendell Holmes
","Season 5, Episode 10",The Slave of Duty
" ""What lies behind us and what lies before us are tiny matters compared to what lies within us."" – Ralph Waldo Emerson
","Season 5, Episode 10",The Slave of Duty
" ""Men are more ready to repay an injury than a benefit because gratitude is a burden and revenge a pleasure."" – Tacitus
","Season 5, Episode 11",Retaliation
" Washington Irving said, ""There is a sacredness in tears. They are not a mark of weakness, but of power. They are messengers of overwhelming grief and of unspeakable love.""
","Season 5, Episode 11",Retaliation
" Mildred Lisette Norman wrote, ""Anything you cannot relinquish, when it has outlived its usefulness, possesses you. And in this materialistic age, a great many of us are possessed by our possessions.""
","Season 5, Episode 12",The Uncanny Valley
" Isaac Asimov wrote, ""In life, unlike chess, the game continues after checkmate.""
","Season 5, Episode 12",The Uncanny Valley
" ""Life is a game. Play it. Life is too precious. Do not destroy it."" - Mother Teresa
","Season 5, Episode 13",Risky Business
" ""Experience is a brutal teacher, but you learn. My God, do you learn."" - C.S. Lewis
","Season 5, Episode 13",Risky Business
" ""If I am what I have, and if I lose what I have, who, then, am I?"" - German psychologist Erich Fromm
","Season 5, Episode 14",Parasite
" ""Oh, what a tangled web we weave when first we practice to deceive."" - Sir Walter Scott
","Season 5, Episode 14",Parasite
" ""Show me a hero, and I will write you a tragedy."" - F. Scott Fitzgerald
","Season 5, Episode 15",Public Enemy
" William Shakespeare said, ""When a father gives to his son, both laugh; when his son gives to his father, both cry.""
","Season 5, Episode 15",Public Enemy
" Nietzsche wrote, ""Hope is the worst of evils, for it prolongs the torment of man.""
","Season 5, Episode 16",Mosley Lane
" Emily Dickinson wrote, ""Hope is the thing with feathers, that perches in the soul, and sings the tune without words, and never stops at all.""
","Season 5, Episode 16",Mosley Lane
" Tennessee Williams said, ""We're all of us sentenced to solitary confinement inside our own skins, for life.""
","Season 5, Episode 17",Solitary Man
" Christopher Lasch said, ""Family is a haven in a heartless world.""
","Season 5, Episode 17",Solitary Man
" Mother Teresa said, ""I have found the paradox, that if you love until it hurts, there can be no more hurt, only more love.""
","Season 5, Episode 18",The Fight
" ""A lion's work hours are only when he's hungry; once he's satisfied, the predator and prey live peacefully together."" - Chuck Jones
","Season 5, Episode 19",A Rite of Passage
" ""Many persons have the wrong idea of what constitutes true happiness. It is not attained through self-gratification but through fidelity to a worthy purpose."" - Helen Keller
","Season 5, Episode 19",A Rite of Passage
" ""A sincere artist tries to create something which is, in itself, a living thing."" - Painter William Dobell
","Season 5, Episode 20",...A Thousand Words
" Gandhi said, ""I have seen children successfully surmount the effects of an evil inheritance. That is due to purity being an inherent attribute of the soul.""
","Season 5, Episode 20",...A Thousand Words
" ""Nature, in her most dazzling aspects or stupendous parts, is but the background and theater of the tragedy of man."" - John Morley
","Season 5, Episode 21",Exit Wounds
" Ralph W. Sockman said, ""Nothing is so strong as gentleness, and nothing is so gentle as real strength.""
","Season 5, Episode 21",Exit Wounds
" ""The single biggest problem with communication is the illusion that it has taken place."" - George Bernard Shaw
","Season 5, Episode 22",The Internet Is Forever
" ""The Internet is the first thing that humanity has built that humanity doesn't understand, the largest experiment in anarchy that we have ever had."" - Eric Schmidt
","Season 5, Episode 22",The Internet Is Forever
" Alfred Lord Tennyson wrote, ""And out of the darkness came the hands that reach thro' nature, moulding men.""
","Season 5, Episode 23",Our Darkest Hour
" ""A family is a place where minds come in contact with one another. If these minds love one another the home will be as beautiful as a flower garden. But if these minds get out of harmony with one another it is like a storm that plays havoc with the garden."" The Buddha.
","Season 6, Episode 1",The Longest Night
" Jean Racine said, ""A tragedy need not have blood and death. It's enough that it all be filled with that majestic sadness that is the pleasure of tragedy.""
","Season 6, Episode 2",J.J.
" Marcel Proust wrote, ""Remembrance of things past is not necessarily the remembrance of things as they were.""
","Season 6, Episode 3",Remembrance of Things Past
" Mark Twain wrote, ""When I was younger I could remember anything, whether it had happened or not. But my faculties are decaying now... and soon I shall be so I cannot remember anything but the things that never happened. It is sad to go to pieces like this, but we all have to do it.""
","Season 6, Episode 3",Remembrance of Things Past
" Abraham Lincoln said, ""Whatever you are, be a good one.""
","Season 6, Episode 4",Compromising Positions
" ""We all wear masks, and the time comes when we cannot remove them without removing our own skin."" Andre Berthiaume
","Season 6, Episode 4",Compromising Positions
" ""All humanity is one undivided and indivisible family. I cannot detach myself from the wickedest soul."" Mahatma Gandhi
","Season 6, Episode 5",Safe Haven
" ""But I have promises to keep, and miles to go before I sleep, and miles to go before I sleep."" Robert Frost
","Season 6, Episode 5",Safe Haven
" Niccolò Machiavelli wrote, ""If an injury has to be done to a man it should be so severe that his vengeance need not be feared.""
","Season 6, Episode 6",Devil's Night
" Thomas Kemp wrote, ""Love feels no burden, thinks nothing of its trouble, attempts what is above it's strength, pleads no excuse for impossibility, for it thinks all things are lawful for itself and all things are possible.""
","Season 6, Episode 6",Devil's Night
" ""The herd seek out the great, not for their sake but for their influence; and the great welcome them out of vanity or need."" Napoleon Bonaparte
","Season 6, Episode 7",Middle Man
" ""Without heroes, we are all plain people and don't know how far we can go."" Bernard Malamud
","Season 6, Episode 7",Middle Man
" ""Fame will go by and, so long, I've had you, fame. If it goes by, I've always known it was fickle. So at least it's something I experience, but that's not where I live."" Marilyn Monroe
","Season 6, Episode 8",Reflection of Desire
" ""I believe humanity was born from conflict. Maybe that's why in all of us lives a dark side. Some of us embrace it. Some have no choice. The rest of us fight it. In the end, it's as natural as the air we breathe. At some point, all of us are forced to face the truth. Ourselves.""
","Season 6, Episode 8",Reflection of Desire
" Ralph Ellison said, ""I am invisible, understand, simply because people refuse to see me.""
","Season 6, Episode 9",Into the Woods
" Elise Cabot said, ""Evil endures a moment's flush, and then leaves but a burnt out shell.""
","Season 6, Episode 9",Into the Woods
" ""When we were children, we used to think when we grew up we would no longer be vulnerable. But to grow up is to accept vulnerability. To be alive is to be vulnerable."" Writer Madeleine L'Engle
","Season 6, Episode 10",What Happens at Home
" ""Children begin by loving their parents; as they grow older they judge them; sometimes they forgive them."" Writer Oscar Wilde
","Season 6, Episode 10",What Happens at Home
" ""There is no such thing as part freedom."" Nelson Mandela
","Season 6, Episode 11",25 to Life
" ""All truths are easy to understand once they are discovered; the point is to discover them."" Galileo
","Season 6, Episode 11",25 to Life
" ""No man chooses evil because it is evil. He only mistakes it for happiness, the good he seeks."" Mary Wollstonecraft Shelley
","Season 6, Episode 12",Corazón
" ""The best and most beautiful things in life cannot be seen or even touched. They must be felt with the heart."" Helen Keller
","Season 6, Episode 12",Corazón
" Friedrich Nietzsche wrote, ""What really raises one's indignation against suffering is not suffering intrinsically, but the senselessness of suffering.""
","Season 6, Episode 13",The Thirteenth Step
" William Glasser wrote, ""What happened in the past that was painful has a great deal to do with what we are today.""
","Season 6, Episode 13",The Thirteenth Step
" ""Hunting is not a sport. In a sport, both sides should know they are in the game."" Comedian Paul Rodriguez
","Season 6, Episode 14",Sense Memory
" ""Nothing revives the past so completely as a smell that was once associated with it."" Novelist Vladimir Nabokov
","Season 6, Episode 14",Sense Memory
" ""It is hard to fight an enemy who has outposts in your head."" Sally Kempton
","Season 6, Episode 15",Today I Do
" ""There is no chance, no destiny, no fate that can hinder the firm resolve of a determined soul."" Ella Wheeler Wilcox
","Season 6, Episode 15",Today I Do
" ""Tomorrow, you promise yourself, will be different, yet, tomorrow is too often a repetition of today."" Author James T. McCay
","Season 6, Episode 16",Coda
" Honoré de Balzac once said, ""Most people of action are inclined to fatalism and most people of thought believe in providence.""
","Season 6, Episode 16",Coda
" Lao Tzu said, ""When I let go of what I am, I become what I might be.""
","Season 6, Episode 17",Valhalla
" Journalist Dorothy Dix wrote, ""Confession is always weakness. The grave soul keeps its own secrets and takes its own punishment in silence.""
","Season 6, Episode 17",Valhalla
" ""The secret to getting away with lying is believing with all your heart. That goes for lying to yourself even moreso than lying to another."" Author Elizabeth Bear
","Season 6, Episode 18",Lauren
" Psychoanalyst Walter Langer wrote, ""People will believe a big lie sooner than a little one, and if you repeat it frequently enough, people will sooner or later believe it.""
","Season 6, Episode 18",Lauren
" Lizette Reese wrote, ""The old faiths light their candles all about, but burly truth comes by and puts them out.""
","Season 6, Episode 19",With Friends Like These...
" Siddharta Buddha said, ""It is not his enemy or foe that lures him to evil ways.""
","Season 6, Episode 19",With Friends Like These...
" Poet Antonio Porchia wrote, ""Man when he does not grieve, hardly exists.""
","Season 6, Episode 20",Hanley Waters
" Stephen King wrote, ""Sometimes human places breed inhuman monsters.""
","Season 6, Episode 21",The Stranger
" ""Every journey into the past is complicated by delusions, false memories, false namings of real events."" Adrienne Rich
","Season 6, Episode 21",The Stranger
" Agathon said, ""Of this alone, even God is deprived, the power of making things that are past never to have been.""
","Season 6, Episode 22",Out of the Light
" Doménico Cieri Estrada wrote, ""Bring the past only if you're going to build from it.""
","Season 6, Episode 22",Out of the Light
" ""The sea has never been friendly to man. At most, it has been the accomplice of human restlessness."" Joseph Conrad
","Season 6, Episode 23",Big Sea
" ""We are tied to the ocean. And when we go back to the sea, whether it is to sail or to watch, we are going back from whence we came."" John F. Kennedy
","Season 6, Episode 23",Big Sea
" Thomas Hardy wrote, ""And yet to every bad there is a worse.""
","Season 6, Episode 24",Supply and Demand
" ""What it lies in our power to do, it lies in our power not to do."" Aristotle
","Season 6, Episode 24",Supply and Demand
" Queen Elizabeth I said, ""The past cannot be cured.""
","Season 7, Episode 1",It Takes a Village
" ""I do solemnly swear that I will support and defend the Constitution of the United States against all enemies, foreign and domestic; that I will bear true faith and allegiance to the same; that I take this obligation freely, without any mental reservation or purpose of evasion; and that I will well and faithfully discharge the duties of the office on which I am about to enter. So help me God."" — The FBI Oath of Office
","Season 7, Episode 1",It Takes a Village
" ""If it is a miracle, any sort of evidence will answer, but if it is a fact, proof is necessary."" — Mark Twain
","Season 7, Episode 2",Proof
" Scott Adams wrote, ""Nothing inspires forgiveness quite like revenge.""
","Season 7, Episode 2",Proof
" ""Men are not prisoners of fate, but only prisoners of their own minds."" — Franklin D. Roosevelt
","Season 7, Episode 3",Dorado Falls
" ""We're born alone, we live alone, we die alone. Only through our love and friendship can we create the illusion for the moment that we're not alone."" — Orson Welles
","Season 7, Episode 3",Dorado Falls
" ""You may leave school, but it never leaves you."" — Andy Partridge
","Season 7, Episode 4",Painless
" ""Your pain is the breaking of the shell that encloses your understanding."" — Khalil Gibran
","Season 7, Episode 4",Painless
" ""From childhood's hour I have not been as others were; I have not seen as others saw."" — Edgar Allan Poe
","Season 7, Episode 5",From Childhood's Hour
" ""All things truly wicked start from an innocence."" — Ernest Hemingway
","Season 7, Episode 5",From Childhood's Hour
" ""To die is poignantly bitter, but the idea of having to die without having lived is unbearable."" — Erich Fromm
","Season 7, Episode 6",Epilogue
" ""The timing of death, like the ending of a story, gives a changed meaning to what preceded it."" — Mary Catherine Bateson
","Season 7, Episode 6",Epilogue
" ""For the man sound in body and serene of mind there is no such thing as bad weather. Every day has its beauty, and storms which whip the blood do but make it pulse more vigorously."" — George Gissing
","Season 7, Episode 7",There's No Place Like Home
" ""Adversity is like a strong wind. It tears away from us all but the things that cannot be torn, so that we see ourselves as we really are."" — Arthur Golden
","Season 7, Episode 7",There's No Place Like Home
" ""Hope is faith holding out its hand in the dark."" — George Iles
","Season 7, Episode 8",Hope
" ""Find a place inside where there's joy, and the joy will burn out the pain."" — Joseph Campbell
","Season 7, Episode 8",Hope
" ""Things do not change. We change."" — Henry David Thoreau
","Season 7, Episode 9",Self-Fulfilling Prophecy
" ""Beware, so long as you live, of judging men by their outward appearance."" — Jean de la Fontaine
","Season 7, Episode 9",Self-Fulfilling Prophecy
" ""Everybody wants to go to heaven, but no one wants to die."" — Joe Lewis
","Season 7, Episode 10",The Bittersweet Science
" Hermann Hesse wrote, ""Some of us think that holding on makes us strong, but sometimes it is letting go.""
","Season 7, Episode 10",The Bittersweet Science
" ""Three can keep a secret, if two of them are dead."" — Benjamin Franklin
","Season 7, Episode 11",True Genius
" ""There is no greater sorrow than to recall in misery the time when we were happy."" — Dante
","Season 7, Episode 11",True Genius
" ""We do not suffer from the shock of our trauma, but we make out of it just what suits our purposes."" — Alfred Adler
","Season 7, Episode 12",Unknown Subject
" ""All the art of living lies in a fine mingling of letting go and holding on."" — Henry Ellis
","Season 7, Episode 12",Unknown Subject
" A Chinese proverb says, ""At the gambling table, there are no fathers and sons.""
","Season 7, Episode 13",Snake Eyes
" George Augustus Sala said, ""A gambler with a system must be, to a greater or lesser extent, insane.""
","Season 7, Episode 13",Snake Eyes
" ""Trust not him that has once broken faith."" — William Shakespeare
","Season 7, Episode 14",Closing Time
" ""You may be deceived if you trust too much, but you will live in torment if you don't trust enough."" — Frank Crane
","Season 7, Episode 14",Closing Time
" ""Equality may perhaps be a right, but no power on earth can ever turn it into a fact."" — Honore de Balzac
","Season 7, Episode 15",A Thin Line
" ""I'm for truth, no matter who tells it. I'm for justice, no matter who it's for or against."" — Malcolm X
","Season 7, Episode 15",A Thin Line
" Eckhart Tolle said, ""Where there is anger, there is always pain underneath.""
","Season 7, Episode 16",A Family Affair
" ""Live so that when your children think of fairness and integrity, they think of you."" — H. Jackson Brown, Jr.
","Season 7, Episode 16",A Family Affair
" ""It was once said that love is giving someone the power to destroy you, but trusting them not to.""
","Season 7, Episode 17","I Love You, Tommy Brown"
" ""For every good reason there is to lie, there is a better reason to tell the truth."" — Bo Bennett
","Season 7, Episode 17","I Love You, Tommy Brown"
" ""Memory is a complicated thing, a relative to truth but not its twin."" — Barbara Kingsolver
","Season 7, Episode 18",Foundation
" ""Nothing fixes a thing so intensely in the memory as the wish to forget it."" — Michel de Montaigne
","Season 7, Episode 18",Foundation
" ""We are each our own devil, and we make this world our hell."" — Oscar Wilde
","Season 7, Episode 19",Heathridge Manor
" ""All that we see or seem, is but a dream within a dream."" — Edgar Allen Poe
","Season 7, Episode 19",Heathridge Manor
" ""Worse than telling a lie is spending your whole life staying true to a lie."" – Robert Brault
","Season 7, Episode 20",The Company
" ""Sooner murder an infant in its cradle than nurse un-acted desires."" — William Blake
","Season 7, Episode 21",Divining Rod
" ""It is only in love and in murder that we still remain sincere."" — Friedrich Dürrenmatt
","Season 7, Episode 21",Divining Rod
" The philosopher Voltaire wrote, ""To the living, we owe respect. But to the dead, we owe only the truth.""
","Season 7, Episode 22",Profiling 101
" Irish statesman and author Edmund Burke once wrote, ""The only thing necessary for the triumph of evil is for good men to do nothing.""
","Season 7, Episode 22",Profiling 101
" ""Fear is met and destroyed with courage."" — James F. Bell
","Season 7, Episode 23",Hit
" ""I've always heard every ending is also a beginning. We just don't know it at the time. I'd like to believe that's true.""
","Season 7, Episode 24",Run
" ""As I grow older, I pay less attention to what men say. I just watch what they do."" — Andrew Carnegie
","Season 8, Episode 1",The Silencer
" ""A man is known by the silence he keeps."" — Oliver Herford
","Season 8, Episode 1",The Silencer
" Ralph Steadman wrote, ""Evil is always devising more corrosive misery through man's restless need to exact revenge out of his hate.""
","Season 8, Episode 2",The Pact
" Paul Brown once said, ""If you win, say nothing. If you lose, say less.""
","Season 8, Episode 2",The Pact
" The German author Goethe wrote, ""Behavior is the mirror in which everyone shows their true image.""
","Season 8, Episode 3",Through the Looking Glass
" ""One of the deep secrets of life is that all that is really worth the doing is what we do for others."" — Lewis Carroll
","Season 8, Episode 3",Through the Looking Glass
": Sir Arthur Conan Doyle wrote, ""When a doctor does go wrong, he's the first of criminals. He has the nerve and he has knowledge.""
","Season 8, Episode 4",God Complex
": ""Body and soul cannot be separated for purposes of treatment, for they are one and indivisible. Sick minds must be healed as well as sick bodies."" — Dr. Jeff Miller
","Season 8, Episode 4",God Complex
" ""I became insane, with long intervals of horrible sanity."" — Edgar Allan Poe
","Season 8, Episode 5",The Good Earth
" Alfred Austin said, ""Show me your garden and I shall tell you who you are.""
","Season 8, Episode 5",The Good Earth
" ""Better than a thousand days of diligent study, is one day with a great teacher."" — Japanese proverb
","Season 8, Episode 6",The Apprenticeship
" ""The greatest good you can do for another, is not just to share your own riches, but to reveal to him, his own."" — Benjamin Disraeli
","Season 8, Episode 6",The Apprenticeship
" ""You never find yourself until you face the truth."" — Pearl Bailey
","Season 8, Episode 7",The Fallen
" ""I am not concerned that you have fallen. I am concerned that you arise."" — Abraham Lincoln
","Season 8, Episode 7",The Fallen
" French novelist Jean Giraudoux said, ""I'm not afraid of death. It's the stake one puts up in order to play the game of life.""
","Season 8, Episode 8",The Wheels on the Bus
" Frederick Douglass said, ""It's easier to build strong children than to repair broken men.""
","Season 8, Episode 8",The Wheels on the Bus
" ""A great deal of talent is lost to the world for want of a little courage."" — Sydney Smith
","Season 8, Episode 9",Magnificent Light
" ""The mystery of human existence lies not in just staying alive, but in finding something to live for."" — Fyodor Dostoyevsky
","Season 8, Episode 9",Magnificent Light
" William Shakespeare once wrote, ""Love looks not with the eyes but with the mind.""
","Season 8, Episode 10",The Lesson
" Thomas Merton once wrote, ""Love is our true destiny. We do not find the meaning of life by ourselves alone; we find it with another.""
","Season 8, Episode 10",The Lesson
" ""I have never yet heard of a murderer who was not afraid of a ghost."" — John Philpot Curran
","Season 8, Episode 11",Perennials
" ""The doctrine of the immortality of the soul has more threat than comfort."" — Mason Cooley
","Season 8, Episode 11",Perennials
" ""Being deeply loved by someone gives you strength, while loving someone deeply gives you courage."" — Lao Tzu
","Season 8, Episode 12",Zugzwang
 ,"Season 8, Episode 12",Zugzwang
" ""Love is our true destiny. We do not find the meaning of life by ourselves alone; we find it with another."" — Thomas Merton
","Season 8, Episode 12",Zugzwang
" ""My blood alone remains: take it, but do not make me suffer long."" — Marie Antoinette
","Season 8, Episode 13",Magnum Opus
" ""Sometimes the hardest part isn't letting go but rather learning to start over."" — Nicole Sobon
","Season 8, Episode 13",Magnum Opus
" ""Love never dies a natural death. It dies of blindness and errors and betrayals. It dies of illness and wounds; it dies of weariness, of witherings, of tarnishings."" — Anaïs Nin
","Season 8, Episode 14",All That Remains
" Alan Lightman said, ""The tragedy of this world is that no one is happy, whether stuck in a time of pain or of joy.""
","Season 8, Episode 14",All That Remains
" ""The world breaks everyone and afterward many are strong at the broken places."" — Ernest Hemingway
","Season 8, Episode 15",Broken
" ""A new command I give you: Love one another. As I have loved you, so you must love one another."" — John 13:34
","Season 8, Episode 15",Broken
" ""Imitation is the sincerest form of flattery."" — Charles Caleb Colton
","Season 8, Episode 16",Carbon Copy
" Barbara Grizzuti Harrison once said, ""All acts performed in the world begin in the imagination.""
","Season 8, Episode 17",The Gathering
" Oscar Wilde said, ""I can resist anything except temptation.""
","Season 8, Episode 17",The Gathering
" ""I'm dead, only vengeance can restore me."" — Terry Goodkind
","Season 8, Episode 18",Restoration
" ""For darkness restores what light cannot repair."" — Joseph Brodsky
","Season 8, Episode 18",Restoration
" ""A memory is what is left when something happens and does not completely unhappen."" — Edward de Bono
","Season 8, Episode 19",Pay It Forward
" ""There is no present or future, only the past, happening over and over again, now."" — Eugene O'Neill
","Season 8, Episode 19",Pay It Forward
" ""Dreams are true while they last, and do we not live in dreams?"" — Alfred Lord Tennyson
","Season 8, Episode 20",Alchemy
" J.R.R. Tolkien wrote, ""I will not say do not weep, for not all tears are an evil.""
","Season 8, Episode 20",Alchemy
" ""Children are educated by what the grown up is and not by his talk."" — Carl Jung
","Season 8, Episode 21",Nanny Dearest
" ""Alone, all alone. Nobody, but nobody can make it out here alone."" — Maya Angelou
","Season 8, Episode 21",Nanny Dearest
" ""We are not the same persons this year as last, nor are those we love. It is a happy chance if we, changing, continue to love a changed person."" — W. Somerset Maugham
","Season 8, Episode 22",Number 6
" ""Rarely do members of the same family grow up under the same roof."" — Richard Bach
","Season 8, Episode 23",Brothers Hotchner
" ""Cruel is the strife of brothers."" — Aristotle
","Season 8, Episode 23",Brothers Hotchner
" ""Affliction comes to us, not to make us sad but sober; not to make us sorry but wise."" — H.G. Wells
","Season 8, Episode 24",The Replicator
" ""The bond that links your true family is not one of blood, but of respect and joy in each other's life."" — Richard Bach
","Season 8, Episode 24",The Replicator
" ""Who knows where inspiration comes from. Perhaps it arises from desperation. Perhaps it comes from the flukes of the universe, the kindness of the muses."" — Amy Tan
","Season 9, Episode 1",The Inspiration
" Josh Billings once wrote, ""There are two things in life for which we are never truly prepared: twins.""
","Season 9, Episode 1",The Inspiration
" ""We are not only our brother's keeper, in countless large and small ways we are our brother's maker."" — Bonaro Overstreet
","Season 9, Episode 2",The Inspired
" ""They mess you up, your Mom and Dad. They may not mean to, but they do. They fill you with the faults they had. And add some extra, just for you."" — Philip Larkin
","Season 9, Episode 2",The Inspired
" ""Our most basic common link is that we all inhabit this planet. We all breathe the same air. We all cherish our children's future. And we are all mortal."" — John F. Kennedy
","Season 9, Episode 3",Final Shot
" ""Someone I loved once gave me a box full of darkness. It took me years to understand that this too was a gift."" — Mary Oliver
","Season 9, Episode 4",To Bear Witness
" ""Death is not the greatest loss in life. The greatest loss is what dies inside of us while we live."" — Norman Cousins
","Season 9, Episode 4",To Bear Witness
" ""Life is a dream, realize it."" — Mother Theresa
","Season 9, Episode 5",Route 66
" ""After all, what are men but a horde of ghosts? Oaks that were acorns that were oaks."" — Walter de la Mare
","Season 9, Episode 6",In The Blood
" Mitch Albom said, ""Death ends a life, not a relationship.""
","Season 9, Episode 6",In The Blood
" ""If passion drives you, let reason hold the reins."" — Benjamin Franklin
","Season 9, Episode 7",Gatekeeper
" ""The most important thing that parents can teach their children is how to get along without them."" — Frank Clark
","Season 9, Episode 7",Gatekeeper
" Alfred Hitchcock said, ""There's no terror in the bang, only the anticipation of it.""
","Season 9, Episode 8",The Return
" ""The greater the power, the more dangerous the abuse."" — Edmund Burke
","Season 9, Episode 8",The Return
" ""The Universe doesn't like secrets. It conspires to reveal the truth, to lead you to it."" – Lisa Unger
","Season 9, Episode 9",Strange Fruit
" ""Fear is pain arising from the anticipation of evil."" — Aristotle
","Season 9, Episode 10",The Caller
" ""We cannot despair of humanity, since we ourselves are human beings."" — Albert Einstein
","Season 9, Episode 10",The Caller
" ""Brothers and sisters are as close as hands and feet."" Vietnamese proverb
","Season 9, Episode 11",Bully
" ""Alone, we can do so little. Together we can do so much."" Helen Keller
","Season 9, Episode 11",Bully
" ""People often say that this or that person has not yet found himself. But the self is not something one finds. It is something one creates."" — Thomas Szasz
","Season 9, Episode 12",The Black Queen
" ""To invent your own life's meaning is not easy, but it's still allowed, and I think you'll be happier for the trouble."" — Bill Watterson
","Season 9, Episode 12",The Black Queen
" ""Beware the fury of a patient man."" — John Dryden
","Season 9, Episode 13",The Road Home
" ""Forgiveness does not change the past, but it does enlarge the future."" — Paul Bausa
","Season 9, Episode 13",The Road Home
" ""Why would we look to the past in order to prepare for the future? Because there is no where else to look."" — James Burke
","Season 9, Episode 14",200
" Nietzsche said, ""When you look long into an abyss, the abyss looks into you.""
","Season 9, Episode 14",200
" Author Jennifer Smith wrote, ""Marriage is a mosaic you build with your spouse. Millions of tiny moments that create your love story.""
","Season 9, Episode 15",Mr. & Mrs. Anderson
" ""Each relationship nurtures a strength or weakness within you."" — Michael Murdock
","Season 9, Episode 15",Mr. & Mrs. Anderson
" ""It's often said there is no footprint too small to leave an imprint on this world."" 
","Season 9, Episode 16",Gabby
" ""A mother's arms are made of tenderness and children sleep soundly in them."" — Victor Hugo
","Season 9, Episode 16",Gabby
" ""The secret of my influence has always been that it remained secret."" — Salvador Dali
","Season 9, Episode 17",Persuasion
" ""Illusion is needed to disguise the emptiness within."" — Arthur Erickson
","Season 9, Episode 17",Persuasion
" ""It is more important to know what sort of person has a disease than to know what sort of disease a person has."" — Hippocrates
","Season 9, Episode 18",Rabid
" ""True friendship multiplies the good in life and divides its evils."" — Baltasar Gracián
","Season 9, Episode 18",Rabid
"""No one is ever a victim, although your conquerors would have you believe in your own victimhood. How else could they conquer you?"" Barbara Marciniak
","Season 9, Episode 19",The Edge of Winter
" ""There are times when the mind is dealt such a blow it hides itself in insanity. There are times when reality is nothing but pain and to escape that pain, the mind must leave reality behind."" Patrick Rothfuss
","Season 9, Episode 19",The Edge of Winter
" ""The past is never dead. It's not even past."" — William Faulkner
","Season 9, Episode 20",Blood Relations
" Albert Einstein said, ""In matters of truth and justice, there is no difference between large and small problems, for issues concerning the treatment of people are all the same.""
","Season 9, Episode 21",What Happens in Mecklinburg
" A proverb states, ""He that is born to be hanged shall never be drowned.""
","Season 9, Episode 22",Fatal
" ""A person often meets his destiny on the road he took to avoid it."" — Jean de la Fontaine
","Season 9, Episode 22",Fatal
"""The name written on her forehead was a mystery: Babylon the Great, the mother of prostitutes and of the abominations of the Earth."" — Revelation 17:5
","Season 9, Episode 23",Angels
" ""When truth is buried, it grows. It chokes. It gathers such an explosive force that on the day it bursts out, it blows up everything with it."" — Émile Zola
","Season 9, Episode 24",Demons
" ""We must be willing to get rid of the life we planned so as to have the life that is waiting for us."" — Joseph Campbell
","Season 9, Episode 24",Demons
" ""I remained too much inside my head, and ended up losing my mind."" — Edgar Allan Poe
","Season 10, Episode 1",X
" ""Just because everything is different doesn't mean anything has changed."" — Irene Peter
","Season 10, Episode 1",X
" ""The farther backward you can look, the farther forward you can see."" — Winston Churchill
","Season 10, Episode 2",Burn
" ""It doesn't take a lot of strength to hang on. It takes a lot of strength to let go."" — J.C. Watts
","Season 10, Episode 2",Burn
" ""If the radiance of a thousand suns were to burst at once into the sky, that would be like the splendor of the mighty one."" — From the Hindu holy book, the ","Season 10, Episode 3",A Thousand Suns
"
","Season 10, Episode 3",A Thousand Suns
" ""We knew the world would not be the same. Some people laughed. A few people cried. Most people were silent."" — J. Robert Oppenheimer
","Season 10, Episode 3",A Thousand Suns
" ""What's the matter, you dissentious rogues, that rubbing the poor itch of your opinion make yourselves scabs?"" – William Shakespeare
","Season 10, Episode 4",The Itch
" ""Getting rid of a delusion makes us wiser than getting hold of a truth."" – Ludwig Börne
","Season 10, Episode 4",The Itch
" ""There is nothing funny about Halloween. This sarcastic festival reflects, rather, an infernal demand for revenge by children on the adult world."" — Jean Baudrillard
","Season 10, Episode 6",Boxed In
" ""Always kiss your children good night, even if they're already asleep."" — H. Jackson Brown, Jr.
","Season 10, Episode 6",Boxed In
" ""Naïveté in grownups is often charming; but when coupled with vanity, it is indistinguishable from stupidity."" — Eric Hoffer
","Season 10, Episode 7",Hashtag
" ""There is a fellowship more quiet even than solitude, and which, rightly understood, is solitude made perfect."" — Robert Louis Stevenson
","Season 10, Episode 7",Hashtag
" Wayne Dyer once said, ""How people treat you is their karma; how you react is yours.""
","Season 10, Episode 8",The Boys of Sudworth Place
" ""Our moral responsibility is not to stop the future, but to shape it; to channel our destiny in humane directions and to ease the trauma of transition."" — Alvin Toffler
","Season 10, Episode 8",The Boys of Sudworth Place
" ""Change is the law of life, and those who look only to the past or the present are certain to miss the future."" — John F. Kennedy
","Season 10, Episode 9",Fate
" ""When it comes to life, we spin our own yarn, and where we end up is really, in fact, where we always intended to be."" — Julia Glass
","Season 10, Episode 9",Fate
" ""Remove my sin, and I will be clean; wash me, and I will be whiter than snow."" — Psalm 51
","Season 10, Episode 10",Amelia Porter
" ""The soul that has conceived one wickedness can nurse no good thereafter."" — Sophocles
","Season 10, Episode 10",Amelia Porter
" ""Every man has his secret sorrows which the world knows not; and often times, we call a man cold when he is only sad."" — Henry Wadsworth Longfellow
","Season 10, Episode 11",The Forever People
" ""Death is the only god that comes when you call."" — Roger Zelazny
","Season 10, Episode 12",Anonymous
" ""As life runs on, the road grows strange with faces new. And near the end, the milestones into headstones change, 'neath every one a friend."" — James Russell Lowell
","Season 10, Episode 12",Anonymous
" ""The bitterest tears shed over graves are for words left unsaid and deeds left undone."" — Harriet Beecher Stowe
","Season 10, Episode 13",Nelson's Sparrow
" ""When a good man is hurt, all who would be called good must suffer with him."" — Euripedes
","Season 10, Episode 13",Nelson's Sparrow
" ""The most heroic word in all languages is revolution."" — Eugene Debs
","Season 10, Episode 14",Hero Worship
" ""True heroism is remarkably sober, very undramatic. It is not the urge to surpass all others at whatever cost, but the urge to serve others at whatever cost."" — Arthur Ashe
","Season 10, Episode 14",Hero Worship
" William R. Alger once said, ""Men often make up in wrath what they want in reason.""
","Season 10, Episode 15",Scream
" ""Nothing can drive one closer to his own insanity than a haunting memory refusing its own death."" — Darnella Ford
","Season 10, Episode 15",Scream
" ""When the prison doors are opened, the real dragon will fly out."" — Ho Chi Minh 
","Season 10, Episode 16",Lockdown
 ,"Season 10, Episode 16",Lockdown
" Dwight D. Eisenhower once wrote, ""If you want total security, go to prison. There you're fed, clothed, given medical care and so on. The only thing lacking is freedom.""
","Season 10, Episode 16",Lockdown
" ""There is hardly anyone whose sexual life, if it were broadcast, would not fill the world at large with surprise and horror."" — W. Somerset Maugham
","Season 10, Episode 17",Breath Play
" ""Children are like wet cement. Whatever falls on them makes an impression."" — Haim Ginott
","Season 10, Episode 17",Breath Play
" ""The truth is rarely pure and never simple."" — Oscar Wilde
","Season 10, Episode 18",Rock Creek Park
" ""No matter how fast light travels, it finds the darkness is always there first."" — Terry Pratchett
","Season 10, Episode 19",Beyond Borders
" ""Coming together is a beginning; keeping together is progress; working together is success."" — Henry Ford
","Season 10, Episode 19",Beyond Borders
" ""When one has not had a good father, one must create one."" — Friedrich Nietzsche
","Season 10, Episode 20",A Place at the Table
" ""We are made wise not by the recollection of our past, but by the responsibility for our future."" — George Bernard Shaw
","Season 10, Episode 20",A Place at the Table
" ""Your memory is a monster; it summons with will of its own. You think you have a memory, but it has you."" — John Irving
","Season 10, Episode 21",Mr. Scratch
" ""It is a man's own mind, not his enemy or foe, that lures him to evil ways."" Buddha
","Season 10, Episode 22",Protection
" ""Reality is merely an illusion, albeit a very persistent one."" Albert Einstein
","Season 10, Episode 22",Protection
" ""The world will not be destroyed by those who do evil, but by those who watch them without doing anything."" — Albert Einstein
","Season 10, Episode 23",The Hunt
" ""Life is about choices. Some we regret, some we're proud of. We are what we chose to be."" — Graham Brown
","Season 10, Episode 23",The Hunt
" ""Pleasure in the job puts perfection in the work."" – Aristotle 
","Season 11, Episode 1",The Job
" ""Courage is grace under pressure."" – Ernest Hemingway
","Season 11, Episode 1",The Job
" ""It is in your moments of decision that your destiny is shaped."" — Tony Robbins
","Season 11, Episode 2",The Witness
" ""The world is so unpredictable. Things happen suddenly, unexpectedly. We want to feel we are in control of our own existence. In some ways we are, in some ways we're not. We are ruled by the forces of chance and coincidence."" — Paul Auster
","Season 11, Episode 2",The Witness
" ""And think not that you can direct the course of love, for love, if it finds you worthy, directs your course."" – Khalil Gibran's ","Season 11, Episode 3",'Til Death Do Us Part
"
","Season 11, Episode 3",'Til Death Do Us Part
" Alfred Lord Tennyson wrote, ""I hold it true, whate'er befall; I feel it, when I sorrow most; 'Tis better to have loved and lost than never to have loved at all.""
","Season 11, Episode 3",'Til Death Do Us Part
" ""All sins tend to be addictive, and the terminal point of addiction is damnation."" — W.H. Auden
","Season 11, Episode 4",Outlaw
" ""Ghosts were created when the first man woke in the night."" – J.M. Barrie
","Season 11, Episode 5",The Night Watch
" A Spanish proverb says, ""More grows in the garden, than the gardener knows he has planted.""
","Season 11, Episode 5",The Night Watch
" ""I swear, from the bottom of my heart, I want to be healed. I want to be like other men, not this outcast who nobody wants."" — E.M. Forster
","Season 11, Episode 6",Pariahville
" ""To remain indifferent to the challenges we face is indefensible. If the goal is noble, whether or not it is realized within our lifetime is largely irrelevant. What we must do, therefore, is to strive, and persevere, and never give up."" — 14th Dalai Lama
","Season 11, Episode 6",Pariahville
" ""We are all sharks, circling, and waiting for traces of blood to appear in the water."" — Alan Clark
","Season 11, Episode 7",Target Rich
" ""To a father, nothing is dearer than a daughter."" — Euripides
","Season 11, Episode 7",Target Rich
" ""You can chain me, you can torture me, you can even destroy this body, but you will never imprison my mind."" — Mahatma Gandhi
","Season 11, Episode 8",Awake
" ""Guilt is perhaps the most painful companion of death."" — Coco Chanel
","Season 11, Episode 8",Awake
" ""The enemy is within the gates. It is with our own luxury, our own folly, our own criminality, that we have to contend."" — Marcus Tullius Cicero
","Season 11, Episode 9",Internal Affairs
" ""The clock tocked loud. I threw it away. It scared me when it tocked."" — Tillie Olsen
","Season 11, Episode 10",Future Perfect
" ""The first condition of immortality is death."" — Stanislaw Lec
","Season 11, Episode 10",Future Perfect
" ""Just as the constant increase of entropy is the basic law of the universe, so it is the basic law of life to struggle against entropy."" — Vaclav Havel
","Season 11, Episode 11",Entropy
" ""To educate a person in the mind but not in morals is to educate a menace to society."" — Theodore Roosevelt
","Season 11, Episode 12",Drive
" ""A man's very highest moment is, I have no doubt at all, when he kneels in the dust and beats his breast, and tells all the sins of his life."" — Oscar Wilde
","Season 11, Episode 12",Drive
" ""The heart of a mother is a deep abyss, at the bottom of which you will always find forgiveness."" — Honoré de Balzac
","Season 11, Episode 13",The Bond
" ""The influence of a mother in the lives of her children is beyond calculation."" — James E. Faust
","Season 11, Episode 13",The Bond
" ""By the will art thou lost, by the will art thou found, by the will art thou free, captive, and bound."" — Angelus Silesius
","Season 11, Episode 14",Hostage
" ""Revenge is an act of passion; vengeance of justice."" — Samuel Johnson
","Season 11, Episode 14",Hostage
" ""The darkness always lies."" — Anthony Liccione
","Season 11, Episode 15",A Badge and a Gun
" ""You see what power is – holding someone else's fear in your hand and showing it to them."" — Amy Tan
","Season 11, Episode 15",A Badge and a Gun
" ""Parents are the bones on which children sharpen their teeth."" — Peter Ustinov
","Season 11, Episode 17",The Sandman
" ""Lucky I'm sane after all I've been through. Life's been good to me so far."" — Joe Walsh
","Season 11, Episode 17",The Sandman
 As ,"Season 11, Episode 18",A Beautiful Disaster
" said, ""Every ending is also a beginning. We just don't know it at the time."" I'd like to believe she's right.
","Season 11, Episode 18",A Beautiful Disaster
" ""Originality is nothing but judicious imitation."" — Voltaire
","Season 11, Episode 19",Tribute
" ""Walking with a friend in the dark is better than walking alone in the light."" — Helen Keller
","Season 11, Episode 19",Tribute
" ""I imagine one of the reasons people cling to their hates so stubbornly is because they sense, once hate is gone, they will be forced to deal with pain."" — James Baldwin
","Season 11, Episode 20",Inner Beauty
" ""Since love grows within you, so beauty grows. For love is the beauty of the soul."" — St. Augustine
","Season 11, Episode 20",Inner Beauty
" ""Don't you know there comes a midnight hour when everyone has to take off his mask?"" — Søren Kierkegaard
","Season 11, Episode 21",Devil's Backbone
" ""No man really knows about other human beings. The best he can do is to suppose that they are like himself."" — John Steinbeck
","Season 11, Episode 21",Devil's Backbone
" ""The sea is dangerous and its storms terrible, but these obstacles have never been sufficient reason to remain ashore."" Ferdinand Magellan
","Season 11, Episode 22",The Storm
" ""The line dividing good and evil cuts through the heart of every human being."" Aleksandr Solzhenitsyn
","Season 11, Episode 22",The Storm
" ""Anger's my meat. I sup upon myself and so shall starve with feeding."" – William Shakespeare
","Season 12, Episode 1",The Crimson King
" ""The evil that men do lives after them. The good is oft interred with their bones."" – William Shakespeare
","Season 12, Episode 1",The Crimson King
": ""Loss and possession, death and life are one. There falls no shadow where there shines no sun."" – Hilaire Belloc
","Season 12, Episode 2",Sick Day
": Mother Theresa said, ""Love begins by taking care of the closest ones - the ones at home.""
","Season 12, Episode 2",Sick Day
": Tyron Edwards wrote, ""Sinful and forbidden pleasures are like poisoned bread. They may satisfy appetite for the moment, but there is death in them at the end.""
","Season 12, Episode 3",Taboo
": ""Three things cannot long stay hidden. The sun, the moon, and the truth."" – Buddha
","Season 12, Episode 3",Taboo
" A Cheyenne proverb says, ""Beware the man who does not talk and the dog that does not bark.""
","Season 12, Episode 4",Keeper
" ""What greater thing is there for human souls than to feel that they are joined for life, to be with each other in silent unspeakable memories?"" – George Eliot
","Season 12, Episode 4",Keeper
" ""The malicious have a dark happiness."" – Victor Hugo
","Season 12, Episode 5",The Anti-Terrorism Squad
" ""Freedom is what you do with what's been done to you."" – Jean-Paul Sartre
","Season 12, Episode 5",The Anti-Terrorism Squad
" ""The strength of a family, like the strength of an army, is in its loyalty to each other."" – Mario Puzo
","Season 12, Episode 6",Elliott's Pond
" ""So long as the memory of certain beloved friends lives in my heart, I shall say that life is good."" – Helen Keller
","Season 12, Episode 6",Elliott's Pond
" ""A sibling may be the keeper of one's identity, the only person with the keys to one's unfettered, more fundamental self."" – Marian Sandmaier
","Season 12, Episode 7",Mirror Image
" ""The father said, 'You are always with me, and everything I have is yours. But we had to celebrate and be glad, because this brother of yours was dead and is alive again. He was lost and is found.'"" – The Gospel of Luke
","Season 12, Episode 7",Mirror Image
" ""God sometimes takes us into troubled waters, not to drown us, but to cleanse us."" – Unknown 
","Season 12, Episode 8",Scarecrow
" ""Sometimes good things fall apart so better things can fall together."" – Marilyn Monroe
","Season 12, Episode 8",Scarecrow
" ""What madness is it to be expecting evil before it comes?"" – Lucius Annaeus Seneca
","Season 12, Episode 9",Profiling 202
" ""The life of the dead is placed in the memory of the living."" – Marcus Tullius Cicero
","Season 12, Episode 9",Profiling 202
" ""Now, we'll start this band of robbers and call it Tom Sawyer's gang. Everybody that wants to join has to take an oath and write his name in blood."" – Mark Twain
","Season 12, Episode 10",Seek and Destroy
" ""A gang is where a coward goes to hide."" – Mickey Mantle
","Season 12, Episode 10",Seek and Destroy
" ""We must remember that Satan has his miracles, too."" – John Calvin
","Season 12, Episode 11",Surface Tension
" ""Time moves in one direction, memory in another."" – William Gibson
","Season 12, Episode 11",Surface Tension
" ""A good husband makes a good wife."" – John Florio
","Season 12, Episode 12",A Good Husband
" ""Nothing is more sad than the death of an illusion."" – Arthur Koestler
","Season 12, Episode 12",A Good Husband
" ""There is not a righteous man on Earth who does what is right and never sins."" Ecclesiastes 7:20
","Season 12, Episode 13",Spencer
" ""There's so many fragile things after all. People break so easily, and so do dreams and hearts."" Neil Gaiman
","Season 12, Episode 13",Spencer
" ""The illusion of control makes the helplessness seem more palatable."" Allie Brosh
","Season 12, Episode 14",Collision Course
" ""Loss of control is always the source of fear. It is also, however, always the source of change."" James Frey
","Season 12, Episode 14",Collision Course
" ""Strong men, men who are truly role models, don't need to put down women to make themselves feel powerful."" – Michelle Obama
","Season 12, Episode 15",Alpha Male
" ""One of the many lessons that one learns in prison is that things are what they are and will be what they will be."" – Oscar Wilde
","Season 12, Episode 15",Alpha Male
" ""To go against conscience is neither right nor safe. Here I stand. I can do no other."" – Martin Luther
","Season 12, Episode 16",Assistance Is Futile
" ""Hope is being able to see that there is light, despite all of the darkness."" – Desmond Tutu
","Season 12, Episode 16",Assistance Is Futile
" ""Life, of course, never gets anyone's entire attention. Death always remains interesting, holds us, draws us."" – Janet Malcolm
","Season 12, Episode 17",In the Dark
" ""How blessed are some people whose lives have no fears, no dreads, to whom sleep is a blessing that comes nightly and brings nothing but sweet dreams."" – Bram Stoker
","Season 12, Episode 17",In the Dark
" ""How can I be substantial if I do not cast a shadow? I must have a dark side also if I'm to be whole."" – Carl Jung
","Season 12, Episode 18",Hell's Kitchen
" ""Cannot be seen, cannot be felt. Cannot be heard, cannot be smelt. It lies behind stars and under hills, and empty holes it fills. It comes first and follows after, ends life, kills laughter."" – J.R.R. Tolkien
","Season 12, Episode 18",Hell's Kitchen
" ""Is it progress if a cannibal uses a fork?"" – Stanislaw Lec
","Season 12, Episode 19",True North
" ""The future is inevitable and precise, but may not occur. God lurks in the gaps."" – Jorge Luis Borges
","Season 12, Episode 19",True North
" ""The past is never where you think you left it.""– Katherine Anne Porter
","Season 12, Episode 20",Unforgettable
" ""Life can only be understood backwards, but it must be lived forwards."" – Søren Kierkegaard
","Season 12, Episode 20",Unforgettable
" ""Every man's life ends the same way. It is only the details of how he lived and how he died that distinguish one man from another."" – Ernest Hemingway
","Season 12, Episode 21",Green Light
" ""The villainy you teach me I will execute, and it shall go hard, but I will better the instruction."" - William Shakespeare
","Season 12, Episode 22",Red Light
" ""Hold on when there is nothing in you except the will which says, 'Hold on!'"" – Rudyard Kipling
","Season 13, Episode 1",Wheels Up
 Serial killer ,"Season 13, Episode 2",To A Better Place
" said, ""I believe that the only way to reform people is to kill them.""
","Season 13, Episode 2",To A Better Place
" ""You can't connect the dots looking forward. You can only connect them looking backwards. So you have to trust that they will somehow connect in your future."" – Steve Jobs
","Season 13, Episode 2",To A Better Place
" ""It is unwise to be too sure of one's own wisdom."" – Mahatma Gandhi
","Season 13, Episode 3",Killer App
" ""The murderer survives the victim only to learn that it was himself that he longed to be rid of."" – Thornton Wilder
","Season 13, Episode 3",Killer App
" ""Cruelty, like every other vice, requires no motive outside of itself. It only requires opportunity."" – George Eliot
","Season 13, Episode 4",Blue Angel
": ""A man travels the world over in search of what he needs and returns home to find it."" – George Moore
","Season 13, Episode 4",Blue Angel
" T. S. Eliot wrote, ""This is the way the world ends. Not with a bang, but a whimper.""
","Season 13, Episode 5",The Bunker
" ""Even if I knew that tomorrow the world would go to pieces, I would still plant my apple tree."" – Martin Luther
","Season 13, Episode 5",The Bunker
" ""I like to turn things upside down, to watch pictures and situations from another perspective."" – Ursus Wehrli
","Season 13, Episode 6",Lucky Strikes
": ""People like to say that the conflict is between good and evil. The real conflict is between truth and lies."" – Don Miguel Ruiz
","Season 13, Episode 6",Lucky Strikes
" ""When there is pain, there are no words. All pain is the same."" – Toni Morrison
","Season 13, Episode 7",Dust and Bones
" ""Remember, we are our own griefs, my dear, we are our own happiness and we are our own remedies."" – Huseyn Raza
","Season 13, Episode 7",Dust and Bones
 ,"Season 13, Episode 8",Neon Terror
" ""The spectacle is capital accumulated to the point where it becomes image."" – Guy Debord
","Season 13, Episode 8",Neon Terror
 ,"Season 13, Episode 8",Neon Terror
" ""I never travel without my diary. One should always have something sensational to read in the train."" – Oscar Wilde
","Season 13, Episode 8",Neon Terror
 ,"Season 13, Episode 9",False Flag
" ""Once you eliminate the impossible, whatever remains, no matter how improbable, must be the truth."" – Sir Arthur Conan Doyle
","Season 13, Episode 9",False Flag
 ,"Season 13, Episode 9",False Flag
": ""Everyone is entitled to his own opinion, but not to his own facts."" – Daniel Patrick Moynihan
","Season 13, Episode 9",False Flag
 ,"Season 13, Episode 10",Submerged
" A Nakota proverb warns, ""Do not speak of evil for it creates curiosity in the heart of the young.""
","Season 13, Episode 10",Submerged
 ,"Season 13, Episode 10",Submerged
" ""Where there is ruin, there is hope for a treasure."" – Jalal Uddin Rumi
","Season 13, Episode 10",Submerged
": ""My dark secrets are life threatening. Pockets of unhappiness set in aspic that build and build."" – Sue Townsend
","Season 13, Episode 11",Full-Tilt Boogie
": ""I think it's the human spirit inside of all of us that has an enormous capacity to survive."" – Amanda Lindhout
","Season 13, Episode 11",Full-Tilt Boogie
 ,"Season 13, Episode 12",Bad Moon on the Rise
": ""It is the very error of the moon; She comes more nearer earth than she was wont. And makes men mad."" – William Shakespeare
","Season 13, Episode 12",Bad Moon on the Rise
 ,"Season 13, Episode 12",Bad Moon on the Rise
": Curt Siodmak wrote, ""Even a man who is pure in heart and says his prayers by night may become a wolf when the wolfbane blooms and the moon is full and bright.""
","Season 13, Episode 12",Bad Moon on the Rise
 ,"Season 13, Episode 13",Cure
": ""It is impossible to suffer without making someone pay for it; every complaint already contains revenge."" – Friedrich Nietzsche
","Season 13, Episode 13",Cure
 ,"Season 13, Episode 14",Miasma
": ""My wound is geography. It is also my anchorage, my port of call."" – Pat Conroy
","Season 13, Episode 14",Miasma
 ,"Season 13, Episode 14",Miasma
": ""All of us labor in webs spun long before we were born."" – William Faulkner
","Season 13, Episode 14",Miasma
 ,"Season 13, Episode 15",Annihilator
": ""Family quarrels are bitter things. They don't go according to any rules. They're not like aches or wounds, they're more like splits in the skin that won't heal because there's not enough material."" – F. Scott Fitzgerald
","Season 13, Episode 15",Annihilator
 ,"Season 13, Episode 16",Last Gasp
": ""Death is the mother of beauty; hence from her, alone, shall come fulfillment to our dreams and our desires."" – Wallace Stevens
","Season 13, Episode 16",Last Gasp
 ,"Season 13, Episode 17",The Capilanos
": ""Masks are wonderfully paradoxical in this way: while they may hide the physical reality, they can show us how a person wants to be seen."" – Joanna Scott
","Season 13, Episode 17",The Capilanos
": Christopher Marlowe wrote, ""It lies not in our power to love or hate, For will in us is overruled by fate.""
","Season 13, Episode 17",The Capilanos
": ""Perhaps when we find ourselves wanting everything, it is because we are dangerously close to wanting nothing."" – Sylvia Plath
","Season 13, Episode 18",The Dance of Love
": ""No matter how far we travel, the memories will follow in the baggage car."" – August Strindberg
","Season 13, Episode 18",The Dance of Love
": ""Violence is not a catalyst but a diversion."" – Joseph Conrad
","Season 13, Episode 19",Ex Parte
": It is Proverbs that reminds us, ""Do not boast about tomorrow, for you do not know what a day may bring.""
","Season 13, Episode 19",Ex Parte
": ""Holding onto anger is like drinking poison and expecting the other person to die."" – Anonymous
","Season 13, Episode 20",All You Can Eat
": ""Forgiveness is the fragrance that the violet sheds on the heel that has crushed it."" – Mark Twain
","Season 13, Episode 20",All You Can Eat
": ""Convictions are more dangerous foes of truth than lies."" – Friedrich Nietzsche
","Season 13, Episode 21",Mixed Signals
": ""Holding on is believing that there’s only a past; letting go is knowing that there’s a future."" – Daphne Rose Kingma
","Season 13, Episode 21",Mixed Signals
": ""A thing is not necessarily true because a man dies for it."" – Oscar Wilde
","Season 13, Episode 22",Believer
"
	","Season 14, Episode 01",300
"
	","Season 14, Episode 01",300
"
","Season 14, Episode 01",300
"
	","Season 14, Episode 01",300
"
	","Season 14, Episode 01",300
"
","Season 14, Episode 01",300
"
	","Season 14, Episode 01",300
"
	","Season 14, Episode 01",300
"
","Season 14, Episode 01",300
"
	","Season 14, Episode 01",300
"
	","Season 14, Episode 01",300
"
","Season 14, Episode 01",300
"
	","Season 14, Episode 01",300
"
	","Season 14, Episode 01",300
"
","Season 14, Episode 01",300
"
	","Season 14, Episode 01",300
"
	","Season 14, Episode 01",300
"
","Season 14, Episode 01",300
"
	","Season 14, Episode 01",300
"
	","Season 14, Episode 01",300
"
","Season 14, Episode 01",300
"
	","Season 14, Episode 01",300
"
	","Season 14, Episode 01",300
"
","Season 14, Episode 01",300
"
	","Season 14, Episode 01",300
"
	","Season 14, Episode 01",300
"
","Season 14, Episode 01",300
"
	","Season 14, Episode 01",300
"
	","Season 14, Episode 01",300
"
","Season 14, Episode 01",300
"
	","Season 14, Episode 01",300
"
	","Season 14, Episode 01",300
"
","Season 14, Episode 01",300
"
	","Season 14, Episode 01",300
"
	","Season 14, Episode 01",300
"
","Season 14, Episode 01",300
"
	","Season 14, Episode 01",300
"
	","Season 14, Episode 01",300
"
","Season 14, Episode 01",300
"
	","Season 14, Episode 01",300
"
	","Season 14, Episode 01",300
"
","Season 14, Episode 01",300
"
	","Season 14, Episode 01",300
"
	","Season 14, Episode 01",300
"
","Season 14, Episode 01",300
"
	","Season 14, Episode 01",300
"
	","Season 14, Episode 01",300
"
","Season 14, Episode 01",300
"
	","Season 14, Episode 01",300
"
	","Season 14, Episode 01",300
"
","Season 14, Episode 01",300
"
	","Season 14, Episode 01",300
"
	","Season 14, Episode 01",300
"
","Season 14, Episode 01",300
"
	","Season 14, Episode 01",300
"
	","Season 14, Episode 01",300
"
","Season 14, Episode 01",300
"
	","Season 14, Episode 01",300
"
	","Season 14, Episode 01",300
"
","Season 14, Episode 01",300
"
	","Season 14, Episode 01",300
"
	","Season 14, Episode 01",300
"
","Season 14, Episode 01",300
"
	","Season 14, Episode 01",300
"
	","Season 14, Episode 01",300
"
","Season 14, Episode 01",300
"
	","Season 14, Episode 01",300
"
	","Season 14, Episode 01",300
"
","Season 14, Episode 01",300
"
	","Season 14, Episode 01",300
"
	","Season 14, Episode 01",300
"
","Season 14, Episode 01",300
